{
	"credit": "Made with Blockbench",
	"textures": {
		"0": "statue:item/netherite_plug",
		"particle": "statue:item/netherite_plug"
	},
	"elements": [
		{
			"from": [3, 0, 3],
			"to": [13, 2, 13],
			"rotation": {"angle": 0, "axis": "y", "origin": [6, 0, 6]},
			"faces": {
				"north": {"uv": [0, 12, 16, 16], "texture": "#0"},
				"east": {"uv": [0, 12, 16, 16], "texture": "#0"},
				"south": {"uv": [0, 12, 16, 16], "texture": "#0"},
				"west": {"uv": [0, 12, 16, 16], "texture": "#0"},
				"up": {"uv": [0, 0, 16, 16], "rotation": 90, "texture": "#0"},
				"down": {"uv": [0, 0, 16, 16], "rotation": 90, "texture": "#0"}
			}
		},
		{
			"from": [6, 2, 6],
			"to": [10, 5, 10],
			"rotation": {"angle": 0, "axis": "y", "origin": [8, 2, 11]},
			"faces": {
				"north": {"uv": [0, 0, 16, 16], "rotation": 270, "texture": "#0"},
				"east": {"uv": [0, 2, 16, 14], "texture": "#0"},
				"south": {"uv": [0, 2, 16, 14], "texture": "#0"},
				"west": {"uv": [0, 2, 16, 14], "texture": "#0"}
			}
		},
		{
			"from": [5, 3.85195, 10.77164],
			"to": [11, 9.85195, 13.77164],
			"rotation": {"angle": -22.5, "axis": "x", "origin": [8, 5, 8]},
			"faces": {
				"east": {"uv": [0, 0, 9, 15.6], "texture": "#0"},
				"south": {"uv": [0, 0, 16, 16], "rotation": 270, "texture": "#0"},
				"west": {"uv": [7, 0, 16, 16], "texture": "#0"},
				"up": {"uv": [0, 7.2, 16, 16], "rotation": 90, "texture": "#0"},
				"down": {"uv": [7, 0, 16, 16], "rotation": 270, "texture": "#0"}
			}
		},
		{
			"from": [2.22836, 3.85195, 5],
			"to": [5.22836, 9.85195, 11],
			"rotation": {"angle": -22.5, "axis": "z", "origin": [8, 5, 8]},
			"faces": {
				"north": {"uv": [0, 0, 16, 16], "rotation": 270, "texture": "#0"},
				"south": {"uv": [0, 0, 8.8, 16], "texture": "#0"},
				"west": {"uv": [0, 0, 16, 16], "texture": "#0"},
				"up": {"uv": [0, 7.2, 16, 16], "rotation": 90, "texture": "#0"},
				"down": {"uv": [0, 0, 16, 9], "rotation": 270, "texture": "#0"}
			}
		},
		{
			"from": [5, 4.30867, 4.52446],
			"to": [11, 10.30867, 7.52446],
			"rotation": {"angle": 22.5, "axis": "x", "origin": [8, 11, 8]},
			"faces": {
				"north": {"uv": [0, 0, 16, 16], "rotation": 270, "texture": "#0"},
				"east": {"uv": [6.4, 0, 16, 15.6], "texture": "#0"},
				"west": {"uv": [0, 0, 9, 16], "texture": "#0"},
				"up": {"uv": [0, 0, 9, 15.8], "rotation": 90, "texture": "#0"},
				"down": {"uv": [0, 0, 9, 16], "rotation": 270, "texture": "#0"}
			}
		},
		{
			"from": [10.77164, 3.85195, 5],
			"to": [13.77164, 9.85195, 11],
			"rotation": {"angle": 22.5, "axis": "z", "origin": [8, 5, 8]},
			"faces": {
				"north": {"uv": [0, 0, 16, 16], "rotation": 270, "texture": "#0"},
				"east": {"uv": [0, 0, 16, 16], "texture": "#0"},
				"south": {"uv": [7.2, 0, 16, 16], "texture": "#0"},
				"up": {"uv": [0, 0, 16, 8.8], "rotation": 90, "texture": "#0"},
				"down": {"uv": [0, 7, 16, 16], "rotation": 270, "texture": "#0"}
			}
		},
		{
			"from": [4.89805, 5.27164, 4.75],
			"to": [11.14805, 11.77164, 11.25],
			"rotation": {"angle": 0, "axis": "z", "origin": [8.25, 5.75, 8.5]},
			"faces": {
				"north": {"uv": [0, 0, 16, 16], "rotation": 270, "texture": "#0"},
				"east": {"uv": [0, 0, 16, 16], "rotation": 270, "texture": "#0"},
				"south": {"uv": [0, 0, 16, 16], "rotation": 270, "texture": "#0"},
				"west": {"uv": [0, 0, 16, 16], "rotation": 270, "texture": "#0"},
				"up": {"uv": [0, 0, 16, 16], "rotation": 270, "texture": "#0"},
				"down": {"uv": [0, 0, 16, 16], "rotation": 270, "texture": "#0"}
			}
		}
	],
	"display": {
		"thirdperson_righthand": {
			"rotation": [0, 29, 0],
			"translation": [0, 0.75, 0.25],
			"scale": [0.23, 0.23, 0.23]
		},
		"thirdperson_lefthand": {
			"rotation": [0, 29, 0],
			"translation": [0, 0.75, 0.25],
			"scale": [0.23, 0.23, 0.23]
		},
		"firstperson_righthand": {
			"rotation": [-24.4, 7.54, 21.82],
			"translation": [2.5, 3, 0],
			"scale": [0.5, 0.5, 0.5]
		},
		"firstperson_lefthand": {
			"rotation": [-24.4, 7.54, 21.82],
			"translation": [2.5, 3, 0],
			"scale": [0.5, 0.5, 0.5]
		},
		"ground": {
			"translation": [0, 4, 0]
		},
		"gui": {
			"rotation": [30, 225, 0],
			"translation": [0, 2.25, 0]
		},
		"head": {
			"rotation": [-75.25, 0, 0],
			"translation": [0, -24.75, 1.5],
			"scale": [0.5, 0.5, 0.5]
		},
		"fixed": {
			"rotation": [-90, 0, 0],
			"translation": [0, 0, -23.75],
			"scale": [3.2, 3.2, 3.2]
		}
	}
}