{
	"parent": "minecraft:item/generated",
	"textures": {
		"layer0": "minecraft:item/brick"
	},
	"overrides":[
		{
			"predicate":{
				"custom_model_data": 10001
			},
			"model":"statue:item/player_statue_stone_megasushi"
		},
		{
			"predicate":{
				"custom_model_data": 10002
			},
			"model":"statue:item/player_statue_stone_faunelosange"
		},
		{
			"predicate":{
				"custom_model_data": 10003
			},
			"model":"statue:item/player_statue_stone_enjoy"
		},
		{
			"predicate":{
				"custom_model_data": 10004
			},
			"model":"statue:item/player_statue_stone_jeezer"
		},
		{
			"predicate":{
				"custom_model_data": 10005
			},
			"model":"statue:item/player_statue_stone_kingii"
		},
		{
			"predicate":{
				"custom_model_data": 10006
			},
			"model":"statue:item/player_statue_stone_tioto"
		}
	]
}