{
	"credit": "Made with Blockbench",
	"texture_size": [32, 32],
	"textures": {
		"0": "carapils:item/cara_sword",
		"particle": "carapils:item/cara_sword"
	},
	"elements": [
		{
			"from": [7, 0, 7],
			"to": [9, 6, 9],
			"rotation": {"angle": 0, "axis": "y", "origin": [7, 0, 7]},
			"faces": {
				"north": {"uv": [6, 0, 7, 3], "texture": "#0"},
				"east": {"uv": [6, 3.5, 7, 6.5], "texture": "#0"},
				"south": {"uv": [6, 7, 7, 10], "texture": "#0"},
				"west": {"uv": [7.5, 0, 8.5, 3], "texture": "#0"},
				"up": {"uv": [8.5, 6.5, 7.5, 5.5], "texture": "#0"},
				"down": {"uv": [8.5, 7, 7.5, 8], "texture": "#0"}
			}
		},
		{
			"from": [7, 6, 4],
			"to": [9, 7, 12],
			"rotation": {"angle": 0, "axis": "y", "origin": [7, 6, 7]},
			"faces": {
				"north": {"uv": [0, 8.5, 1, 9], "texture": "#0"},
				"east": {"uv": [7.5, 3.5, 11.5, 4], "texture": "#0"},
				"south": {"uv": [1.5, 8.5, 2.5, 9], "texture": "#0"},
				"west": {"uv": [7.5, 4.5, 11.5, 5], "texture": "#0"},
				"up": {"uv": [5.5, 4, 4.5, 0], "texture": "#0"},
				"down": {"uv": [5.5, 4.5, 4.5, 8.5], "texture": "#0"}
			}
		},
		{
			"from": [8, 7, 4],
			"to": [8, 23, 12],
			"rotation": {"angle": 0, "axis": "y", "origin": [8, 7, 7]},
			"faces": {
				"east": {"uv": [0, 0, 4, 8], "texture": "#0"}
			}
		},
		{
			"from": [8, 7, 4],
			"to": [8, 23, 12],
			"rotation": {"angle": 0, "axis": "y", "origin": [8, 7, 7]},
			"faces": {
				"east": {"uv": [0, 0, 4, 8], "texture": "#0"},
				"west": {"uv": [0, 0, 4, 8], "texture": "#0"}
			}
		}
	],
	"display": {
		"thirdperson_righthand": {
			"translation": [0, 2.25, 1.75]
		},
		"thirdperson_lefthand": {
			"translation": [0, 2.25, 1.75]
		},
		"firstperson_righthand": {
			"translation": [0, 2.25, 0.25]
		},
		"firstperson_lefthand": {
			"translation": [0, 2.25, 0.25]
		},
		"ground": {
			"rotation": [38.39, 0, 0]
		},
		"gui": {
			"rotation": [90, -135, 90],
			"translation": [-3, -2.5, 0]
		},
		"fixed": {
			"rotation": [-90, 57, 90],
			"translation": [3.25, -4, 0]
		}
	}
}