{
	"credit": "Made with Blockbench",
	"texture_size": [32, 32],
	"textures": {
		"0": "carapils:item/cara_crown",
		"particle": "carapils:item/cara_crown"
	},
	"elements": [
		{
			"from": [3, 0, 3],
			"to": [13, 2, 13],
			"rotation": {"angle": 0, "axis": "y", "origin": [7, 0, 7]},
			"faces": {
				"north": {"uv": [5.5, 3, 10.5, 4], "texture": "#0"},
				"east": {"uv": [5.5, 4.5, 10.5, 5.5], "texture": "#0"},
				"south": {"uv": [5.5, 6, 10.5, 7], "texture": "#0"},
				"west": {"uv": [5.5, 7.5, 10.5, 8.5], "texture": "#0"},
				"up": {"uv": [5, 5, 0, 0], "texture": "#0"},
				"down": {"uv": [5, 5.5, 0, 10.5], "texture": "#0"}
			}
		},
		{
			"from": [3, 2, 3],
			"to": [13, 7, 3],
			"rotation": {"angle": 0, "axis": "y", "origin": [7, 2, 7]},
			"faces": {
				"north": {"uv": [5.5, 0, 10.5, 2.5], "texture": "#0"}
			}
		},
		{
			"from": [3, 2, 3],
			"to": [3, 7, 13],
			"rotation": {"angle": 0, "axis": "y", "origin": [7, 2, 9]},
			"faces": {
				"west": {"uv": [5.5, 0, 10.5, 2.5], "texture": "#0"}
			}
		},
		{
			"from": [3, 2, 13],
			"to": [13, 7, 13],
			"rotation": {"angle": 0, "axis": "y", "origin": [9, 2, 9]},
			"faces": {
				"south": {"uv": [5.5, 0, 10.5, 2.5], "texture": "#0"}
			}
		},
		{
			"from": [13, 2, 3],
			"to": [13, 7, 13],
			"rotation": {"angle": 0, "axis": "y", "origin": [9, 2, 7]},
			"faces": {
				"east": {"uv": [5.5, 0, 10.5, 2.5], "texture": "#0"}
			}
		}
	],
	"gui_light": "front",
	"display": {
		"thirdperson_righthand": {
			"rotation": [75, 45, 0],
			"translation": [0, 2.5, 0],
			"scale": [0.375, 0.375, 0.375]
		},
		"thirdperson_lefthand": {
			"rotation": [75, 45, 0],
			"translation": [0, 2.5, 0],
			"scale": [0.375, 0.375, 0.375]
		},
		"firstperson_righthand": {
			"rotation": [0, 90, 25],
			"translation": [0, 5, 0.8],
			"scale": [0.68, 0.68, 0.68]
		},
		"firstperson_lefthand": {
			"rotation": [0, 90, 25],
			"translation": [0, 1.6, 0.8],
			"scale": [0.68, 0.68, 0.68]
		},
		"ground": {
			"translation": [0, 5.5, 0]
		},
		"gui": {
			"rotation": [12, -43, 0],
			"translation": [0, 4.75, 0]
		},
		"head": {
			"translation": [0, 16.75, 0],
			"scale": [1.5, 1.5, 1.5]
		},
		"fixed": {
			"translation": [0, 5.25, 0]
		}
	},
	"groups": [
		{
			"name": "helmet",
			"origin": [8, 8, 8],
			"color": 0,
			"children": [0, 1, 2, 3, 4]
		}
	]
}